-- phpMyAdmin SQL Dump
-- version 5.2.1
-- https://www.phpmyadmin.net/
--
-- Servidor: 127.0.0.1
-- Tiempo de generación: 10-01-2024 a las 18:07:55
-- Versión del servidor: 10.4.28-MariaDB
-- Versión de PHP: 8.2.4

SET SQL_MODE = "NO_AUTO_VALUE_ON_ZERO";
START TRANSACTION;
SET time_zone = "+00:00";


/*!40101 SET @OLD_CHARACTER_SET_CLIENT=@@CHARACTER_SET_CLIENT */;
/*!40101 SET @OLD_CHARACTER_SET_RESULTS=@@CHARACTER_SET_RESULTS */;
/*!40101 SET @OLD_COLLATION_CONNECTION=@@COLLATION_CONNECTION */;
/*!40101 SET NAMES utf8mb4 */;

--
-- Base de datos: `serviciosacademicosprueba`
--

-- --------------------------------------------------------

--
-- Estructura de tabla para la tabla `detalle_estudiante`
--

CREATE TABLE `detalle_estudiante` (
  `id_detalle_estudiante` int(11) NOT NULL,
  `id_estudiante` int(11) NOT NULL,
  `id_escuela` int(11) NOT NULL,
  `code` varchar(15) NOT NULL
) ENGINE=InnoDB DEFAULT CHARSET=utf8mb4 COLLATE=utf8mb4_general_ci;

--
-- Volcado de datos para la tabla `detalle_estudiante`
--

INSERT INTO `detalle_estudiante` (`id_detalle_estudiante`, `id_estudiante`, `id_escuela`, `code`) VALUES
(1, 1, 1, '161130'),
(2, 2, 1, '161139'),
(3, 3, 1, '121179'),
(4, 4, 1, '161146'),
(5, 5, 1, '161159'),
(6, 6, 1, '162130'),
(7, 7, 1, '162134'),
(8, 8, 1, '162135'),
(9, 9, 1, '162157'),
(10, 10, 1, '162161'),
(11, 11, 1, '162162'),
(12, 12, 1, '162163'),
(13, 13, 1, '162177'),
(14, 14, 1, '162179'),
(15, 15, 1, '152131'),
(16, 16, 1, '152145'),
(17, 17, 1, '152159'),
(18, 18, 1, '151163'),
(19, 19, 1, '171132'),
(20, 20, 1, '171140'),
(21, 21, 1, '171153'),
(22, 22, 1, '171156'),
(23, 23, 1, '171157'),
(24, 24, 1, '171158'),
(25, 25, 1, '171167'),
(26, 26, 1, '171175'),
(27, 27, 1, '141164'),
(28, 28, 1, '152115'),
(29, 29, 1, '161172'),
(30, 30, 1, '141177'),
(31, 31, 1, '121163'),
(32, 32, 1, '161174'),
(33, 33, 1, '142181'),
(34, 34, 1, '91163'),
(35, 35, 1, '101131'),
(36, 36, 1, '121170'),
(37, 37, 1, '82237'),
(38, 38, 1, '112162'),
(39, 39, 1, '181216'),
(40, 40, 1, '181219'),
(41, 41, 1, '181221'),
(42, 42, 1, '181244'),
(43, 43, 1, '181197'),
(44, 44, 1, '181203'),
(45, 45, 1, '181209'),
(46, 46, 1, '181212'),
(47, 47, 1, '181215'),
(48, 48, 1, '181223'),
(49, 49, 1, '181226'),
(50, 50, 1, '181229'),
(51, 51, 1, '181232'),
(52, 52, 1, '181238'),
(53, 53, 1, '181246'),
(54, 54, 1, '182200'),
(55, 55, 1, '182205'),
(56, 56, 1, '182214'),
(57, 57, 1, '182220'),
(58, 58, 1, '182222'),
(59, 59, 1, '182238'),
(60, 60, 1, '121178'),
(61, 61, 1, '121183'),
(62, 62, 1, '171150'),
(63, 63, 1, '172130'),
(64, 64, 1, '172170'),
(65, 65, 1, '172152'),
(66, 66, 1, '172134'),
(67, 67, 1, '172138'),
(68, 68, 1, '162158'),
(69, 69, 1, '122155'),
(70, 70, 1, '182184'),
(71, 71, 1, '182185'),
(72, 72, 1, '182186'),
(73, 73, 1, '182187'),
(74, 74, 1, '182189'),
(75, 75, 1, '182190'),
(76, 76, 1, '182191'),
(77, 77, 1, '182192'),
(78, 78, 1, '182193'),
(79, 79, 1, '182196'),
(80, 80, 1, '182202'),
(81, 81, 1, '182204'),
(82, 82, 1, '182206'),
(83, 83, 1, '182208'),
(84, 84, 1, '182211'),
(85, 85, 1, '182213'),
(86, 86, 1, '182216'),
(87, 87, 1, '182218'),
(88, 88, 1, '182223'),
(89, 89, 1, '182229'),
(90, 90, 1, '182233'),
(91, 91, 1, '182234'),
(92, 92, 1, '182237'),
(93, 93, 1, '172137'),
(94, 94, 1, '172154'),
(95, 95, 1, '172155'),
(96, 96, 1, '172168'),
(97, 97, 1, '181192'),
(98, 98, 1, '221151'),
(99, 99, 1, '221152'),
(100, 100, 1, '221153'),
(101, 101, 1, '221154'),
(102, 102, 1, '221156'),
(103, 103, 1, '221158'),
(104, 104, 1, '221159'),
(105, 105, 1, '221160'),
(106, 106, 1, '221161'),
(107, 107, 1, '221162'),
(108, 108, 1, '221163'),
(109, 109, 1, '221164'),
(110, 110, 1, '202051'),
(111, 111, 1, '202052'),
(112, 112, 1, '202053'),
(113, 113, 1, '202054'),
(114, 114, 1, '202055'),
(115, 115, 1, '212115'),
(116, 116, 1, '212116'),
(117, 117, 1, '212123'),
(118, 118, 1, '212127'),
(119, 119, 1, '212138'),
(120, 120, 1, '201059'),
(121, 121, 1, '221165'),
(122, 122, 1, '221166'),
(123, 123, 1, '221168'),
(124, 124, 1, '221169'),
(125, 125, 1, '221170'),
(126, 126, 1, '221171'),
(127, 127, 1, '221173'),
(128, 128, 1, '221174'),
(129, 129, 1, '221175'),
(130, 130, 1, '221177'),
(131, 131, 1, '221178'),
(132, 132, 1, '221179'),
(133, 133, 1, '221181'),
(134, 134, 1, '221182'),
(135, 135, 1, '221184'),
(136, 136, 1, '221186'),
(137, 137, 1, '221187'),
(138, 138, 1, '221188'),
(139, 139, 1, '221189'),
(140, 140, 1, '221190'),
(141, 141, 1, '221191'),
(142, 142, 1, '221192'),
(143, 143, 1, '221193'),
(144, 144, 1, '221194'),
(145, 145, 1, '221195'),
(146, 146, 1, '221196'),
(147, 147, 1, '221197'),
(148, 148, 1, '221198'),
(149, 149, 1, '221199'),
(150, 150, 1, '212108'),
(151, 151, 1, '212117'),
(152, 152, 1, '212119'),
(153, 153, 1, '212121'),
(154, 154, 1, '212125'),
(155, 155, 1, '212126'),
(156, 156, 1, '212131'),
(157, 157, 1, '212133'),
(158, 158, 1, '212136'),
(159, 159, 1, '212144'),
(160, 160, 1, '212145'),
(161, 161, 1, '212146'),
(162, 162, 1, '212147'),
(163, 163, 1, '212148'),
(164, 164, 1, '212149'),
(165, 165, 1, '212118'),
(166, 166, 1, '212142'),
(167, 167, 1, '211150'),
(168, 168, 1, '211151'),
(169, 169, 1, '211152'),
(170, 170, 1, '211153'),
(171, 171, 1, '211154'),
(172, 172, 1, '211155'),
(173, 173, 1, '211157'),
(174, 174, 1, '211159'),
(175, 175, 1, '211164'),
(176, 176, 1, '211167'),
(177, 177, 1, '211168'),
(178, 178, 1, '211169'),
(179, 179, 1, '211170'),
(180, 180, 1, '211171'),
(181, 181, 1, '211175'),
(182, 182, 1, '211176'),
(183, 183, 1, '211177'),
(184, 184, 1, '211178'),
(185, 185, 1, '211179'),
(186, 186, 1, '211180'),
(187, 187, 1, '211181'),
(188, 188, 1, '211182'),
(189, 189, 1, '211184'),
(190, 190, 1, '212109'),
(191, 191, 1, '212110'),
(192, 192, 1, '212111'),
(193, 193, 1, '212112'),
(194, 194, 1, '212113'),
(195, 195, 1, '212120'),
(196, 196, 1, '212129'),
(197, 197, 1, '212130'),
(198, 198, 1, '212132'),
(199, 199, 1, '212135'),
(200, 200, 1, '212137'),
(201, 201, 1, '212139'),
(202, 202, 1, '212140'),
(203, 203, 1, '212141'),
(204, 204, 1, '211185'),
(205, 205, 1, '211187'),
(206, 206, 1, '211188'),
(207, 207, 1, '211189'),
(208, 208, 1, '211190'),
(209, 209, 1, '211192'),
(210, 210, 1, '211193'),
(211, 211, 1, '211194'),
(212, 212, 1, '211196'),
(213, 213, 1, '211197'),
(214, 214, 1, '211199'),
(215, 215, 1, '191198'),
(216, 216, 1, '192191'),
(217, 217, 1, '171152'),
(218, 218, 1, '191224'),
(219, 219, 1, '182231'),
(220, 220, 1, '192195'),
(221, 221, 1, '171137'),
(222, 222, 1, '162141'),
(223, 223, 1, '162140'),
(224, 224, 1, '162160'),
(225, 225, 1, '192182'),
(226, 226, 1, '192183'),
(227, 227, 1, '192184'),
(228, 228, 1, '192185'),
(229, 229, 1, '192186'),
(230, 230, 1, '192190'),
(231, 231, 1, '192193'),
(232, 232, 1, '192194'),
(233, 233, 1, '191190'),
(234, 234, 1, '191192'),
(235, 235, 1, '191195'),
(236, 236, 1, '191197'),
(237, 237, 1, '191200'),
(238, 238, 1, '191209'),
(239, 239, 1, '191211'),
(240, 240, 1, '191215'),
(241, 241, 1, '191217'),
(242, 242, 1, '191219'),
(243, 243, 1, '171159'),
(244, 244, 1, '201282'),
(245, 245, 1, '201283'),
(246, 246, 1, '201285'),
(247, 247, 1, '201286'),
(248, 248, 1, '201287'),
(249, 249, 1, '192196'),
(250, 250, 1, '192197'),
(251, 251, 1, '192198'),
(252, 252, 1, '192200'),
(253, 253, 1, '192202'),
(254, 254, 1, '192204'),
(255, 255, 1, '192205'),
(256, 256, 1, '192208'),
(257, 257, 1, '192210'),
(258, 258, 1, '192212'),
(259, 259, 1, '192213'),
(260, 260, 1, '192216'),
(261, 261, 1, '192217'),
(262, 262, 1, '192218'),
(263, 263, 1, '192219'),
(264, 264, 1, '192220'),
(265, 265, 1, '192221'),
(266, 266, 1, '192224'),
(267, 267, 1, '192227'),
(268, 268, 1, '192229'),
(269, 269, 1, '192230'),
(270, 270, 1, '192231'),
(271, 271, 1, '192236'),
(272, 272, 1, '192237'),
(273, 273, 1, '191186'),
(274, 274, 1, '191194'),
(275, 275, 1, '191196'),
(276, 276, 1, '191202'),
(277, 277, 1, '191204'),
(278, 278, 1, '191206'),
(279, 279, 1, '191208'),
(280, 280, 1, '191210'),
(281, 281, 1, '191218'),
(282, 282, 1, '191220'),
(283, 283, 1, '191222'),
(284, 284, 1, '191223'),
(285, 285, 1, '191225'),
(286, 286, 1, '191226'),
(287, 287, 1, '191229'),
(288, 288, 1, '191230'),
(289, 289, 1, '191233'),
(290, 290, 1, '191234'),
(291, 291, 1, '191236'),
(292, 292, 1, '191238'),
(293, 293, 1, '191241'),
(294, 294, 1, '191243'),
(295, 295, 1, '192175'),
(296, 296, 1, '192223'),
(297, 297, 1, '191212'),
(298, 298, 1, '191245'),
(299, 299, 1, '192211'),
(300, 300, 1, '201054'),
(301, 301, 1, '201065'),
(302, 302, 1, '201072'),
(303, 303, 1, '201055'),
(304, 304, 1, '201056'),
(305, 305, 1, '201057'),
(306, 306, 1, '201058'),
(307, 307, 1, '201060'),
(308, 308, 1, '201061'),
(309, 309, 1, '201063'),
(310, 310, 1, '201064'),
(311, 311, 1, '201066'),
(312, 312, 1, '201067'),
(313, 313, 1, '201068'),
(314, 314, 1, '201220'),
(315, 315, 1, '201221'),
(316, 316, 1, '201224'),
(317, 317, 1, '201225'),
(318, 318, 1, '201226'),
(319, 319, 1, '201227'),
(320, 320, 1, '201229'),
(321, 321, 1, '201230'),
(322, 322, 1, '232151'),
(323, 323, 1, '232152'),
(324, 324, 1, '232153'),
(325, 325, 1, '232155'),
(326, 326, 1, '232156'),
(327, 327, 1, '232157'),
(328, 328, 1, '232158'),
(329, 329, 1, '232159'),
(330, 330, 1, '232160'),
(331, 331, 1, '232161'),
(332, 332, 1, '232162'),
(333, 333, 1, '232163'),
(334, 334, 1, '232164'),
(335, 335, 1, '232165'),
(336, 336, 1, '232166'),
(337, 337, 1, '232167'),
(338, 338, 1, '232169'),
(339, 339, 1, '232170'),
(340, 340, 1, '232171'),
(341, 341, 1, '232172'),
(342, 342, 1, '232173'),
(343, 343, 1, '232174'),
(344, 344, 1, '232175'),
(345, 345, 1, '232176'),
(346, 346, 1, '232178'),
(347, 347, 1, '232179'),
(348, 348, 1, '232180'),
(349, 349, 1, '232181'),
(350, 350, 1, '232182'),
(351, 351, 1, '232184'),
(352, 352, 1, '232185'),
(353, 353, 1, '232186'),
(354, 354, 1, '232187'),
(355, 355, 1, '232188'),
(356, 356, 1, '232189'),
(357, 357, 1, '232190'),
(358, 358, 1, '232191'),
(359, 359, 1, '232192'),
(360, 360, 1, '232193'),
(361, 361, 1, '232194'),
(362, 362, 1, '232195'),
(363, 363, 1, '232196'),
(364, 364, 1, '232197'),
(365, 365, 1, '232198'),
(366, 366, 1, '232200'),
(367, 367, 1, '222150'),
(368, 368, 1, '222151'),
(369, 369, 1, '222152'),
(370, 370, 1, '222154'),
(371, 371, 1, '222155'),
(372, 372, 1, '222156'),
(373, 373, 1, '222157'),
(374, 374, 1, '222158'),
(375, 375, 1, '222159'),
(376, 376, 1, '222160'),
(377, 377, 1, '222161'),
(378, 378, 1, '222162'),
(379, 379, 1, '222163'),
(380, 380, 1, '222165'),
(381, 381, 1, '222166'),
(382, 382, 1, '222167'),
(383, 383, 1, '222168'),
(384, 384, 1, '222169'),
(385, 385, 1, '222170'),
(386, 386, 1, '222171'),
(387, 387, 1, '222172'),
(388, 388, 1, '222173'),
(389, 389, 1, '222174'),
(390, 390, 1, '222175'),
(391, 391, 1, '222176'),
(392, 392, 1, '222177'),
(393, 393, 1, '222179'),
(394, 394, 1, '222180'),
(395, 395, 1, '222181'),
(396, 396, 1, '222182'),
(397, 397, 1, '222183'),
(398, 398, 1, '222184'),
(399, 399, 1, '222185'),
(400, 400, 1, '222186'),
(401, 401, 1, '222187'),
(402, 402, 1, '222188'),
(403, 403, 1, '222189'),
(404, 404, 1, '222191'),
(405, 405, 1, '222192'),
(406, 406, 1, '222194'),
(407, 407, 1, '222195'),
(408, 408, 1, '222196'),
(409, 409, 1, '222197'),
(410, 410, 1, '222199'),
(411, 411, 1, '231154'),
(412, 412, 1, '231155'),
(413, 413, 1, '231156'),
(414, 414, 1, '231157'),
(415, 415, 1, '231158'),
(416, 416, 1, '231159'),
(417, 417, 1, '231160'),
(418, 418, 1, '231161'),
(419, 419, 1, '231162'),
(420, 420, 1, '231163'),
(421, 421, 1, '231164'),
(422, 422, 1, '231165'),
(423, 423, 1, '231166'),
(424, 424, 1, '231167'),
(425, 425, 1, '231168'),
(426, 426, 1, '231169'),
(427, 427, 1, '231170'),
(428, 428, 1, '231171'),
(429, 429, 1, '231172'),
(430, 430, 1, '231173'),
(431, 431, 1, '231174'),
(432, 432, 1, '231175'),
(433, 433, 1, '231177'),
(434, 434, 1, '231178'),
(435, 435, 1, '231179'),
(436, 436, 1, '231180'),
(437, 437, 1, '231181'),
(438, 438, 1, '231182'),
(439, 439, 1, '231183'),
(440, 440, 1, '231184'),
(441, 441, 1, '231185'),
(442, 442, 1, '231186'),
(443, 443, 1, '231187'),
(444, 444, 1, '231188'),
(445, 445, 1, '231189'),
(446, 446, 1, '231190'),
(447, 447, 1, '231191'),
(448, 448, 1, '231193'),
(449, 449, 1, '231195'),
(450, 450, 1, '231196'),
(451, 451, 1, '231198'),
(452, 452, 1, '231199'),
(453, 453, 1, '231200'),
(454, 454, 1, '231201'),
(455, 455, 1, '231202'),
(456, 456, 2, '232323'),
(457, 456, 4, '000000');

-- --------------------------------------------------------

--
-- Estructura de tabla para la tabla `escuela`
--

CREATE TABLE `escuela` (
  `id_escuela` int(11) NOT NULL,
  `id_facultad` int(11) NOT NULL,
  `nombre` varchar(100) NOT NULL
) ENGINE=InnoDB DEFAULT CHARSET=utf8mb4 COLLATE=utf8mb4_general_ci;

--
-- Volcado de datos para la tabla `escuela`
--

INSERT INTO `escuela` (`id_escuela`, `id_facultad`, `nombre`) VALUES
(1, 1, 'Ingeniería Informática y Sistemas'),
(2, 2, 'Administración de Empresas'),
(3, 3, 'Educación Inicial Intercultural Bilingüe'),
(4, 1, 'Ingeniería de Minas');

-- --------------------------------------------------------

--
-- Estructura de tabla para la tabla `estudiante`
--

CREATE TABLE `estudiante` (
  `id_estudiante` int(11) NOT NULL,
  `nombre` varchar(50) NOT NULL,
  `apellido` varchar(50) NOT NULL,
  `dni` varchar(10) NOT NULL,
  `sexo` varchar(10) NOT NULL
) ENGINE=InnoDB DEFAULT CHARSET=utf8mb4 COLLATE=utf8mb4_general_ci;

--
-- Volcado de datos para la tabla `estudiante`
--

INSERT INTO `estudiante` (`id_estudiante`, `nombre`, `apellido`, `dni`, `sexo`) VALUES
(1, 'FRITZ JOHAN', 'ARONE BARAZORDA', '71772911', '1'),
(2, 'OSCAR ALCIDES', 'CHOQUEHUALLPA HURTADO', '70440683', '1'),
(3, 'MARCIAL', 'SALAZAR CAHUANA', '47215922', '1'),
(4, 'JOSELYN', 'HUAMAN AMPUERO', '71735032', '2'),
(5, 'EDY JHON', 'PANIURA GONZALES', '73859340', '1'),
(6, 'VICTOR', 'ACHULLI YUCRA', '75821032', '1'),
(7, 'JONATHAN', 'BUSTINZA MENDOZA', '74418072', '1'),
(8, 'ANTONY STEBEND ', 'CAMACHO GARCIA', '71809615', '1'),
(9, 'SUKER', 'HUAMAN?AHUI HILARIO', '76454030', '1'),
(10, 'RICARDO', 'MEDRANO CARRASCO', '76821017', '1'),
(11, 'EDDY', 'OCHOA CHIRINOS', '71840332', '1'),
(12, 'SMIT', 'OSCCO CCUIRO', '76361603', '1'),
(13, 'NINO', 'TAPIA SUELDO', '77703937', '1'),
(14, 'JUAN CARLOS', 'VALVERDE RAMIREZ', '74312900', '1'),
(15, 'KEVIN', 'HUAMANI LOAYZA', '46057823', '1'),
(16, 'ALVARO', 'PORTILLO GUEVARA', '75279540', '1'),
(17, 'DANTE', 'VALENZUELA REYNAGA', '73441702', '1'),
(18, 'JUAN CARLOS', 'SAENZ ENCISO', '48419609', '1'),
(19, 'GUINO ADRIEL', 'AYALA CHAUCA', '71006893', '1'),
(20, 'SAANDRA', 'CHACON MESCCO', '73741315', '2'),
(21, 'YULI NAJAYRA', 'HUAMAN SERRANO', '63072876', '2'),
(22, 'ALDINN KEENNEHT', 'JIMENEZ ARONE', '70775130', '1'),
(23, 'LUIS LUCIO', 'LEONA AMPUERO', '70780488', '1'),
(24, 'RIDSON', 'MENEJES VILLAFUERTE', '75347710', '1'),
(25, 'FLOR CINTIA', 'PAREJA ARREDONDO', '77695871', '2'),
(26, 'ROSMERY', 'SANCHEZ ESPINOZA', '71798288', '2'),
(27, 'NELSON EVER', 'MAMANI HURTADO', '43707860', '1'),
(28, 'YASBETH SAYDA', 'ARREDONDO ROQUE', '76240711', '2'),
(29, 'LUIS ALEX', 'VELARDE SAAVEDRA', '74451355', '1'),
(30, 'VIRGILIO ALEXANDER', 'RIOS HUACHACA', '73305994', '1'),
(31, 'ALFREDO', 'GOMEZ CHIPANI', '70762466', '1'),
(32, 'JORGE LUIS', 'VERA TAYPE', '72435654', '1'),
(33, 'ROBERT', 'RAMIREZ SALCEDO', '48539941', '1'),
(34, 'SANTIAGO', 'POCCO OQUENDO', '46851555', '1'),
(35, 'EMERSON', '?AHUINLLA VELASQUEZ', '70930383', '1'),
(36, 'CHRISTIAN DANIEL', 'MEJIA PE?A', '76376563', '1'),
(37, 'MARCELO', 'ZAMORA CAHUANA', '47816384', '1'),
(38, 'DIEGO KENNY', 'RIVERO ESPINOZA', '48682316', '1'),
(39, 'JHON MARK', 'LEON CRUZ', '77383369', '1'),
(40, 'PAUL JAINOR', 'MEL?NDEZ VILCAS', '72392177', '1'),
(41, 'ANTHONY', 'MEZA BAUTISTA', '76006888', '1'),
(42, 'BORIS NAHUEL', 'TELLO CARDENAS', '72712384', '1'),
(43, 'RUTH ALICIA', 'CACERES QUISPE', '74167857', '2'),
(44, 'JOSE', 'CONDORI CONDORI', '73316975', '1'),
(45, 'JOSE LUIS', 'GOIZUETA CASTA?EDA', '76744916', '1'),
(46, 'JHOEL ALAN', 'HUARACA NU?EZ', '76031997', '1'),
(47, 'RONALD MIJAIL', 'HUAYAPA FLORES', '72166814', '1'),
(48, 'CRISTIAN', 'MOSQUEIRA HUAMAN?AHUI', '76454010', '1'),
(49, 'STHEFANY SOLEDAD', 'OROSCO CAHUANA', '76222440', '1'),
(50, 'KELVIN', 'PANIURA RAMOS', '76194862', '1'),
(51, 'MARCO ANTONIO', 'PINARES SIERRA', '75323879', '1'),
(52, 'JHON FRANKLIN', 'ROMERO RAMOS', '75422755', '1'),
(53, 'RUTH', 'VALCARCEL SIERRA', '71805816', '2'),
(54, 'YESICA', 'CONDORI NINA', '73537764', '2'),
(55, 'LEYTER ARTURO', 'ESPINOZA RODAS', '76180906', '1'),
(56, 'MARLENY', 'NEGRON VALVERDE', '76089292', '2'),
(57, 'RONY RAUL', 'PAREJA ZAVALA', '45971799', '1'),
(58, 'JHON GILBERTO', 'PIPA ROBLES', '74446962', '1'),
(59, 'FRANKLIN', 'USAQUI HUARCAYA', '74171787', '1'),
(60, 'NILTON', 'ROJAS CARRASCO', '73633869', '1'),
(61, 'ELI', 'SERRANO PEREZ', '47302718', '1'),
(62, 'LUIS ALBERTO', 'GOMEZ BENITO', '73385139', '1'),
(63, 'SUKER', 'ATAHUA VILLEGAS', '76090321', '1'),
(64, 'WALDIR', 'SE?O CHIPANE', '73385983', '1'),
(65, 'YAMILETH', 'HUANCA VIVANCO', '73488756', '2'),
(66, 'WILIAN ANDRE', 'BUENDIA SOPA', '73987733', '1'),
(67, 'ALFREDO', 'CERVANTES CCASA', '75347703', '1'),
(68, 'ELIAS', 'HUASHUAYO MIRANDA', '75914563', '1'),
(69, 'OSCAR', 'CARRASCO GUIZADO', '70971644', '1'),
(70, 'MELITZA GRACIELA', 'ALVITES LEON', '76237215', '2'),
(71, 'MAYCOL OLIVER', 'AVALOS SARMIENTO', '74538137', '1'),
(72, 'GIANCARLO', 'AYMA PINEDA', '62541170', '1'),
(73, 'JHON ANTHONY', 'BERNAOLA BLANCO', '75660877', '1'),
(74, 'ALEXANDER', 'CALLER TORRES', '74321575', '1'),
(75, 'LUIS BELTRAN', 'CANSAYA HUAMAN', '74053679', '1'),
(76, 'DINA LUZMILA', 'CARBAJAL ACHATA', '70440642', '2'),
(77, 'ARON UBALDO', 'CARPIO FELIX', '74395026', '1'),
(78, 'JAIME IVAN', 'CARRASCO TAIPE', '60014426', '1'),
(79, 'LUCHO CARLOS', 'CHECCA?A ALEJANDRO', '77344588', '1'),
(80, 'VLADIMIR AMADEO', 'CRUZ CERECEDA', '63264091', '1'),
(81, 'ALEXANDER', 'DURAND FERRO', '76180332', '1'),
(82, 'JOSE LUIS', 'GOMEZ UTANI', '76802896', '1'),
(83, 'FELIX ENRIQUE', 'KERARY JIMENEZ', '62166461', '1'),
(84, 'LUIS JEFERSSON', 'MERINO RODAS', '72745154', '1'),
(85, 'JAIRO', 'MU?OZ MIRANDA', '75698283', '1'),
(86, 'DAVID', 'OLIVERA SIERRA', '76658188', '1'),
(87, 'QUEDIN', 'OVALLE ALARCON', '74904558', '1'),
(88, 'LAURA ASTRID', 'QUIROZ CERON', '61580841', '2'),
(89, 'NEISA KARYN', 'SALAZAR ASCUE', '74777709', '2'),
(90, 'NOLBERTO APOLO', 'SIERRA LARA', '60574463', '1'),
(91, 'BRIAN', 'SILVA LEON', '76288413', '1'),
(92, 'JHEFERSSON CLETO', 'TICONA ORTIZ', '73147233', '1'),
(93, 'ASUNCION LIZBETH', 'CCORAHUA BARRIENTOS', '76027642', '2'),
(94, 'LUIS FERNANDO', 'LEO HUAMANI', '73650911', '1'),
(95, 'MELISSA', 'LEON VASQUEZ', '76292016', '2'),
(96, 'EMERSON', 'SANCHEZ CONTRERAS', '71082237', '1'),
(97, 'ROEL', 'ALDORADIN SANTARIA', '70260853', '1'),
(98, 'JUAN ANTONY', 'ARONI MOREANO', '71511945', '1'),
(99, 'ITALO NILS', 'ARONI PEREZ', '71478465', '1'),
(100, 'JHON NINCOL', 'ARREDONDO HUILLCA', '76568376', '1'),
(101, 'JUAN DAVID', 'BRAVO MARIN', '71647923', '1'),
(102, 'BRANDY YOE', 'CARBAJAL TAIPE', '72897729', '1'),
(103, 'RILDO', 'CCA?AHUA CAMARGO', '71730900', '1'),
(104, 'MAYCOL MCKLEIN', 'CCORAHUA HUARHUA', '71740234', '1'),
(105, 'SHADIRA', 'CHIPANA CATAL?N', '71809685', '2'),
(106, 'GUSTAVO', 'CORAHUA BRAVO', '76937756', '1'),
(107, 'DANIEL', 'GONZALES PALMA', '60868114', '1'),
(108, 'ROBIN WILLIAM', 'GUEVARA CONTRERAS', '71478466', '1'),
(109, 'LUCY ESTEFANI', 'GUTIERREZ RODRIGUEZ', '73959118', '2'),
(110, 'LUIS FERNANDO', 'CHUMBES RAMOS', '74573976', '1'),
(111, 'EMERSON', 'DELGADO HUAMANI', '74451391', '1'),
(112, 'ANGEL RONALDO', 'LEON CARRASCO', '75939060', '1'),
(113, 'ANA ELIZABETH', 'MAQUERA CURASI', '71315534', '2'),
(114, 'JOSUE', 'YALLI HUARACA', '74869146', '1'),
(115, 'CARLOS DANIEL', 'CONTRERAS GARCIA', '75624410', '2'),
(116, 'SHERMELY ANGIE', 'CONTRERAS GARCIA', '73953409', '2'),
(117, 'MIRIAM', 'HUAMAN?AHUI MARTINEZ', '75801953', '2'),
(118, 'YAMELY', 'LEON CARPIO', '73903511', '2'),
(119, 'WANDA CRISLEY', 'SILVERA PARADA', '30112033', '2'),
(120, 'NATALIE', 'CRUZ TUMBA', '74156122', '2'),
(121, 'GENARO', 'GUTI?RREZ FARFAN', '72686119', '1'),
(122, 'CARLOS DANIEL', 'HUACHALLANQUI OLIVERA', '71751944', '1'),
(123, 'JOSEPH PLINIO', 'HURTADO DELGADO', '75765362', '1'),
(124, 'LUIS FERNANDO', 'JUAREZ PE?A', '76548234', '1'),
(125, 'MILDRELY', 'LAIME CERVANTES', '71810284', '2'),
(126, 'EBERT ALEJANDRO', 'LETONA ABARCA', '74991322', '1'),
(127, 'KEVIN MAYCOL', 'LOAYZA PUMA', '75792715', '1'),
(128, 'BRILLIDT ROCIO', 'MEDRANO ALZAMORA', '75874553', '2'),
(129, 'MARCO ANTONIO', 'MEJIA LLAMOCCA', '75958530', '1'),
(130, 'RAUL SAMUEL', 'MONTESINOS VALDIVIA', '75734113', '1'),
(131, 'LUZ MILEIDY', 'MONZ?N MENDOZA', '71290876', '2'),
(132, 'ILLARY ANDRE', 'MORALES BAZAN', '73129026', '2'),
(133, 'CRISTIAN', 'OLIVERA CHAVEZ', '63289575', '1'),
(134, 'MIGUEL ANGEL', 'OSCCO COBARRUBIAS', '77242957', '1'),
(135, 'DIMAS ROGELIO', 'PRADA HUAMANI', '76280835', '1'),
(136, 'LE?N CRISTOFER', 'ROBLES ROJAS', '72686110', '1'),
(137, 'BRAHAN AGUSTO', 'SANCHEZ PINEDA', '75978630', '1'),
(138, 'NILO SEGMARIN', 'SUBELETE GONZALES', '73659540', '1'),
(139, 'ERILTON FABRICIO', 'SULCA CRUZ', '76288075', '1'),
(140, 'CHRISTIAN RICARDO', 'SULLCA LLANCAY', '70380228', '1'),
(141, 'BRYAN PERCY', 'TAIPE FERNANDEZ', '74356439', '1'),
(142, 'SAUL JUSTO', 'TAPIA ALMIDON', '73534380', '1'),
(143, 'AARON SANTIAGO', 'TORRES CONCHA', '62742091', '1'),
(144, 'JACK GUILLERMO', 'VALVERDE TAPIA', '71782183', '1'),
(145, 'CHISSTHOFER DANIEL', 'VASQUEZ ORTEGA', '72773945', '1'),
(146, 'PITER PAUL', 'VELASQUEZ GUILLEN', '74736039', '1'),
(147, 'GILARY', 'VERA MONZON', '71847963', '2'),
(148, 'JOSELY JANETH', 'VILLACREZ PE?A', '70679929', '2'),
(149, 'AMILCAR', 'VIRTO LOAYZA', '74435572', '1'),
(150, 'VICTOR MANUEL', 'ALEJO ANDRADE', '73948649', '1'),
(151, 'JUFREMNL KALEFC', 'GONZALES CONTRERAS', '72279110', '1'),
(152, 'JEREMMY ABNER', 'GUILLEN ARANDO', '75315996', '1'),
(153, 'ERICK', 'HUAMAN BORDA', '74282261', '1'),
(154, 'JUAN ELVIS', 'HURTADO MIRANDA', '76658187', '1'),
(155, 'CRISTHIAN', 'JARA AGUILAR', '72759723', '1'),
(156, 'ZAITH KRISTHIAN', 'PE?A SANCHEZ', '71827809', '1'),
(157, 'JOSE ANDRES', 'QUISPE CALDERON', '71088261', '1'),
(158, 'ABEL', 'RIVAS SERRANO', '74821457', '1'),
(159, 'GEOVANNI JONATHAN', 'TTITO CCACCASTO', '76274123', '1'),
(160, 'DAVID JESUS', 'TU?OQUE ZELA', '73129035', '1'),
(161, 'JIMMY EDILSON', 'VARGAS HUARCAYA', '72773943', '1'),
(162, 'PABLO', 'VELAZCO SERRANO', '76195139', '1'),
(163, 'DIEGO SDAN', 'VERA SANCHEZ', '73974556', '1'),
(164, 'JHUSAI', 'VILLEGAS AIQUIPA', '73331477', '1'),
(165, 'YENIFER', 'GONZALES QUISPE', '76208052', '2'),
(166, 'MAYELA', 'TOMASTO CASTILLO', '73689107', '2'),
(167, 'ROGER JHOSUET', 'AGUILAR FRISANCHO', '77140023', '1'),
(168, 'ANNY CONSUELO', 'ARIAS FIGUEROA', '72021153', '2'),
(169, 'ANTHONY GONZALO', 'ARIAS ORTIZ', '90081424', '1'),
(170, 'LEYDI SHARELY', 'ARONE INCAHUAMAN', '71295246', '2'),
(171, 'MELISA', 'ARONE KACHA', '74445887', '2'),
(172, 'JOSE ANDRES', 'ARREDONDO OLIVERA', '73754863', '1'),
(173, 'ARNOLD RODNEY', 'AVILES OCAMPO', '76073781', '1'),
(174, 'CRISTOPHER BRYHAN', 'BEJAR AVALOS', '71457866', '1'),
(175, 'BRUS BRAYAN', 'CCOROPUNA HUACHO', '60018774', '1'),
(176, 'MIGUEL ANGEL', 'CHIPAYO VALDERRAMA', '62249340', '1'),
(177, 'ALESSANDRO ANDERSSON', 'CHUMBES CASTRO', '70383316', '1'),
(178, 'BRIAN EDMAR', 'COVARRUBIAS HUAMANRIMACHI', '70383324', '1'),
(179, 'BRAYAN RICKO', 'CRUZ HUILLCAS', '71310651', '1'),
(180, 'CIRO CESAR', 'FUERTE GUILLEN', '72371986', '1'),
(181, 'JOSE ALBERTO', 'HUARCAYA ACHATA', '76027599', '1'),
(182, 'MAX CRISTIAN', 'HUILLCA LOPINTA', '71742917', '1'),
(183, 'ED?;HURTADO CONCHA', '71977166', '1', ''),
(184, 'WILMER', 'INCA HUAMANI', '76038789', '1'),
(185, 'HENRY', 'LEON HURTADO', '73505700', '1'),
(186, 'JANNETH', 'LLICAHUA HUANACO', '75474090', '2'),
(187, 'JOS? LUIS', 'LOAYZA NARVAEZ', '76396706', '1'),
(188, 'YOBAL', 'LOPEZ ANGELINO', '73664210', '1'),
(189, 'MALU BRILLITH', 'MENDIETA VILLAGARAY', '75660914', '2'),
(190, 'EDGARD JHABEL', 'CALLA ROJAS', '74716822', '1'),
(191, 'HECTOR', 'CAMERO VENTURA', '73953402', '1'),
(192, 'JHOEL ESTEBAN', 'CARDENAS QUISPE', '74171819', '1'),
(193, 'JIMMY LEANDRO', 'CHIRINOS PE?A', '77499440', '1'),
(194, 'ALEX GRIMALDO', 'CONDORI LIMA', '76502623', '1'),
(195, 'LUIS MANUEL', 'GUILLEN CCUITO', '74143496', '1'),
(196, 'ALEX DAVID', 'MACHACA CHUQUIMAMANI', '72372789', '1'),
(197, 'MOISES', 'MEDINA JARA', '71847974', '1'),
(198, 'JOSEPH YERCO', 'POLICARPO PERALTA', '73441440', '1'),
(199, 'MANUEL ANGEL', 'RIOS PE?A', '76038773', '1'),
(200, 'JOSE ANTONIO', 'SERNA HUARCAYA', '76292021', '1'),
(201, 'NILSON WILBERT', 'SOTO CONTRERAS', '75804563', '1'),
(202, 'MIJAMIN CRISTIAN', 'TAIPE CCANA', '72882461', '1'),
(203, 'GIORDANO JHOSSER', 'TICONA ORTIZ', '73357225', '1'),
(204, 'CARMEN ROSA', 'NU?EZ SORAS', '74593735', '2'),
(205, 'MIRIAM', 'PEREZ TAPIA', '73759498', '2'),
(206, 'ARON OMAR', 'PIZARRO CAHUANA', '75428485', '1'),
(207, 'KALED AL FERNANDO', 'PONCE ROBLES', '72575794', '1'),
(208, 'ANAIS FLOR', 'PUMA HUAMANGA', '75909339', '2'),
(209, 'MARCO ANTONIO', 'RATH CHIPANI', '76670772', '1'),
(210, 'DARIO', 'ROQUE JURO', '71840236', '1'),
(211, 'RAY ANTONY', 'SIERRA ACHULLI', '73037702', '1'),
(212, 'ALVARO GREGORIO', 'VARGAS HILARES', '76410619', '1'),
(213, 'JHOEL MARIO', 'VARGAS TORRES', '72848578', '1'),
(214, 'JAIBER', 'ZAMORA ALVAREZ', '76172043', '1'),
(215, 'MARIA MERCEDES', 'CHOCCARE HUANCA', '71543554', '2'),
(216, 'MILEN RUBALI', 'COLLADO VALENZUELA', '71654721', '2'),
(217, 'GREGORI STEVEN ALDO', 'HUAMAN PIPA', '71918860', '1'),
(218, 'LUIS EDISON', '?AHUI VARGAS', '71958460', '1'),
(219, 'LUIS ALBERTO', 'SANCHEZ VALVERDE', '72080836', '1'),
(220, 'JACK RAFAEL', 'CUYO CANAHUIRE', '72101018', '1'),
(221, 'KAREN SHEILA', 'CASTA?EDA PARI', '73531077', '2'),
(222, 'ALEXANDHER', 'CHIPA CARDENAS', '71798973', '1'),
(223, 'JOSE', 'CHAQQUERE REA', '48395410', '1'),
(224, 'JUAN JOSE', 'MAROCHO METAKI', '71051985', '1'),
(225, 'MIGUEL ANGEL', 'BAUTISTA PERALTA', '73104210', '1'),
(226, 'LIZBETH IVONNE', 'CALAPUJA CHURA', '75194870', '2'),
(227, 'DENS JHANO', 'CARRASCO NU?EZ', '74153444', '1'),
(228, 'JHON CLAUDIO', 'CASTILLO AGUILAR', '71809608', '1'),
(229, 'MENLY WILMAN', 'CAYTUIRO PUMACAYO', '74995131', '1'),
(230, 'AYDE', 'CHUMBES ROQUE', '75892358', '2'),
(231, 'DANNY NOE', 'CUAQUIRA HUACHACA', '71725790', '1'),
(232, 'LUZ NERIDA', 'CUELLAR JUAREZ', '73650899', '2'),
(233, 'CARLOS', 'CABANILLAS CARHUAS', '75860895', '1'),
(234, 'ADRIEL', 'CACERES CCARHUASLLA', '71288380', '1'),
(235, 'ROBERTH', 'CENTENO BARRIENTOS', '71423999', '1'),
(236, 'BRANDON RUBEN', 'CHAMBI CHIRINOS', '61891531', '1'),
(237, 'EDNY', 'COAQUIRA BACA', '72023289', '1'),
(238, 'KEVIN ARMANDO', 'GUTIERREZ SOTO', '76960265', '1'),
(239, 'JACK EDWIN', 'HUAMANI AIQUIPA', '60015284', '1'),
(240, 'BRYAN', 'HURTADO DELGADO', '76188710', '1'),
(241, 'YURI', 'JARA GARRAFA', '76280911', '1'),
(242, 'JERZY', 'LEON ROJAS', '75939467', '1'),
(243, 'YENNIFER', 'MEZA TANTALLA', '77821532', '2'),
(244, 'RODRIGO LUCHO', 'ARANGO CAYLLAHUA', '71374557', '1'),
(245, 'LUIS', 'COLLADO HUAMANHORCCO', '61622548', '1'),
(246, 'ROYER ELVIS', 'MOREANO CONDORCUYA', '72637475', '1'),
(247, 'KEYTEL', 'PUMAYLLE RAMIREZ', '72667118', '1'),
(248, 'MAYRA INES', 'SILVA HERRERA', '79135853', '2'),
(249, 'RODRIGO', 'ESPINOZA SAYAGO', '71462018', '1'),
(250, 'JHONATAN', 'ESPINOZA SEGUNDO', '73639687', '1'),
(251, 'ARNOLD BELTRAN', 'GONZALES SUBELETE', '72169911', '1'),
(252, 'YAISON TERRY', 'HUAMANI CARHUARICRA', '73463940', '1'),
(253, 'RONALDO', 'HUARANCCA PEREZ', '71725719', '1'),
(254, 'DANUSKA JUANA', 'LEON MELENDEZ', '72420004', '2'),
(255, 'ARTURO', 'LETONA PORRAS', '60690771', '1'),
(256, 'YORKAEF', 'MARTINEZ CHAHUAYO', '72966528', '1'),
(257, 'CARLOS ENRIQUE', 'MOREANO CARBAJAL', '73037695', '1'),
(258, 'CRISTHIAN', 'ORELLANA ROQUE', '76506895', '1'),
(259, 'JHON BRANNDON', 'ORTEGA ACU?A', '71813041', '1'),
(260, 'ANTONHY', 'PALMA CCO?ISLLA', '73754774', '1'),
(261, 'ANDERSON', 'PALOMINO CHIRINOS', '75628884', '1'),
(262, 'ROGER SANTIAGO', 'PANIURA RAMOS', '76237225', '1'),
(263, 'RUBEN JEANPHIER', 'PIMENTEL BECERRA', '76038639', '1'),
(264, 'RUTH KARINA', 'PRADA HUAMANI', '76040735', '2'),
(265, 'BRAYAN HERVIN', 'QUISPE COSTILLA', '75672722', '1'),
(266, 'LUIS FERNANDO', 'RETAMOZO SAAVEDRA', '75322689', '1'),
(267, 'NAISA MILAGROS', 'SARMIENTO SARMIENTO', '73689123', '2'),
(268, 'ESTEFANY', 'SUNQUILLPO AMPUERO', '71006897', '2'),
(269, 'EDWIN', 'TORVISCO CONTRERAS', '70778849', '1'),
(270, 'CARLOS EDWARD', 'UTANI MERINO', '75787153', '1'),
(271, 'FIDEL JESHUA', 'VILLAFUERTE SANTOS', '70366749', '1'),
(272, 'OSCAR', 'ZU?IGA ORE', '74445950', '1'),
(273, 'GUILLERMO RENATO', 'AGUILAR VALENZUELA', '76663592', '1'),
(274, 'MAX RAUL', 'CARRASCO GOMEZ', '73009162', '1'),
(275, 'JEAN ADERLYN', 'CHAHUAYO ACHULLI', '71563008', '1'),
(276, 'DEYBER', 'CUELLAR AYERVE', '71918890', '1'),
(277, 'JEAN PHOL ALEXIS', 'CURI GARRAFA', '71713479', '1'),
(278, 'BRYAN JIM', 'DELGADO LADERA', '76621735', '1'),
(279, 'CARLOS RAUL', 'GONZALES HUAMANI', '73659537', '1'),
(280, 'FRISH', 'HUAMANHORCCO PANIURA', '60015929', '1'),
(281, 'FRETZ', 'KARI BORDA', '75474094', '1'),
(282, 'CRISTOFER ELIAS', 'MENA MOREANO', '76269132', '1'),
(283, 'OSCAR LORENZO', 'MOLINA PORTILLA', '75917761', '1'),
(284, 'ZEILU MASSIEL', 'MOREANO FALCON', '71632611', '2'),
(285, 'VICTOR RAUL', 'ORTEGA MAROCHO', '73813491', '1'),
(286, 'MARYCIELO XIOMARA', 'OSCCO GUILLEN', '75904811', '2'),
(287, 'LUIS ALBERTO', 'PFU?O ALCCAHUAMANI', '73658684', '1'),
(288, 'JESUS ALBERTO', 'QUINTANA CERON', '72695314', '1'),
(289, 'DIVA', 'ROJAS A?AMURO', '73963389', '2'),
(290, 'GEORGE STYFF', 'ROSALES TINTAYA', '76668813', '1'),
(291, 'JAVIER EDUARDO', 'SANCHEZ PATI?O', '73009154', '1'),
(292, 'NURIA', 'SEGUNDO VILLA', '70811007', '2'),
(293, 'RONALD REYGAN', 'VALENZUELA CARBAJAL', '77229865', '1'),
(294, 'LUISA NAHIELY', 'VILLARROEL FRANCO', '70664218', '2'),
(295, 'CRISTIAN', 'ACHULLI CASTILLO', '71410664', '1'),
(296, 'CLINIO OMAR', 'RAYME HUACHO', '74446977', '1'),
(297, 'DANY KENETH', 'HUAMANI CHACON', '72080600', '1'),
(298, 'YEREMI CONNIE', 'YBARGUEN FERNANDEZ', '70247790', '2'),
(299, 'ANDERSON', 'MORIANO SAU?E', '77383373', '1'),
(300, 'JHEYSON JHAIR ', 'ARONE ANGELES', '75627242', '1'),
(301, 'ALEXANDRO', 'OYARDO BARCO', '77021454', '1'),
(302, 'MAX PLINIOR', 'ZAVALA AYVAR', '74450146', '1'),
(303, 'ANDRES', 'ARONE HUANACO', '73713781', '1'),
(304, 'MAX WILDER', 'BAUTISTA MANUTUPA', '74134101', '1'),
(305, 'BILLY SEBASTIAN ', 'CARLIN CONDORI', '76667165', '1'),
(306, 'NICHOLE SILVANA ', 'CONTRERAS BAUTISTA', '77385210', '2'),
(307, 'RUBI FIORELIA', 'DAMIAN OCHOA', '72169937', '2'),
(308, 'HIREBERTO', 'HUAMANI GONZALES', '74481018', '1'),
(309, 'MARK ANTHONY ', 'MOSQUEIRA ARANDO', '74924552', '1'),
(310, 'ANAYELY', '?AHUINLLA PUMACAYO', '73619729', '2'),
(311, 'KHRIS MARIA', 'PIMENTEL ESCOBAL', '72675686', '2'),
(312, 'DANY SANTIAGO', 'RAMIREZ LIMAS', '71104924', '1'),
(313, 'ED NATIVIDO', 'SOTO HUAMANHORCCO', '73639719', '1'),
(314, 'FRANK BIKNER', 'BLANCO CORDOVA', '70384127', '1'),
(315, 'DARCY', 'CALDERON CHIPA', '71373244', '1'),
(316, 'JHON AUGUSTO', 'ESCALANTE BENITES', '76028633', '1'),
(317, 'MAYCOL ISAAC', 'FLORES ARONI', '76841434', '1'),
(318, 'HERMINEA', 'GARAY ROMAN', '71742904', '2'),
(319, 'ALEX', 'LANCHO RAMOS', '71292755', '1'),
(320, 'CRISTIAN', 'PICHIHUA CORTEZ', '75115913', '1'),
(321, 'CRISTIAN', 'TAIPE ?AHUI', '71297206', '1'),
(322, 'MARIFER', 'ALARCON ZAMORA', '72324518', '2'),
(323, 'JHON NEHEMIAS', 'ALLCCA LEGUIA', '74977016', '1'),
(324, 'LIZ DAYRA', 'ANAMPA ROMERO', '60373720', '2'),
(325, 'JEAMPIER GUALBERTO', 'ARANIBAR MARTINEZ', '61535530', '1'),
(326, 'LUIS FERNANDO', 'ARCIBIA HUARCAYA', '76989491', '1'),
(327, 'JACK AMILCAR', 'AYMARA ENCISO', '72502664', '1'),
(328, 'ALEXANDER', 'BARRIOS LLASAYCCA', '60336206', '1'),
(329, 'WILMAN ACCEL', 'CALDERON MU?OZ', '70562292', '1'),
(330, 'SHADENY JAMIEL', 'CARBAJAL HUAMANTTICA', '76020889', '2'),
(331, 'AKSEHIR WILLY', 'CARLOS LUNA', '76028035', '1'),
(332, 'JHOJAN', 'CASTRO CURI', '76265297', '1'),
(333, 'BRAYAN SAUL', 'CCOPA HUAMAN', '73969652', '1'),
(334, 'HARRISON', 'CHOCLLO HURTADO', '61859492', '1'),
(335, 'ROYER', 'CRUZ TEVES', '74440079', '1'),
(336, 'NELSY SALOME', 'DAVALOS CUCHILLO', '75070964', '2'),
(337, 'ANGIE KIARA', 'ESCALANTE OLIVERA', '73965346', '2'),
(338, 'LUIS ANDREE', 'HUAMAN ESPINOZA', '72740740', '1'),
(339, 'YAMIL', 'HUAMAN JARA', '71290771', '1'),
(340, 'HAROL JONATHAN', 'HUAMAN SEQUEIROS', '73302169', '1'),
(341, 'JHOSEP SEBASTIAN', 'HUAMAN SERRANO', '76662194', '1'),
(342, 'FREDELY CARLOS', 'HUAMANI CONDORI', '71534447', '1'),
(343, 'KELVIN FERDY', 'JA?O PERALTA', '73099871', '1'),
(344, 'ROGER', 'JURO AYQUIPA', '77215764', '1'),
(345, 'BENEDIK', 'KARI BORDA', '78546668', '1'),
(346, 'YADIRA', 'LLACTAHUAMANI CAHUANA', '76256856', '2'),
(347, 'WALTER GUYIN', 'MAYHUA MARCATINCO', '73739185', '1'),
(348, 'LUIS MIGUEL', 'MEZA ARTEAGA', '73986989', '1'),
(349, 'MAYKOL OLIVER', 'MIRANDA HUAMANI', '71742944', '1'),
(350, 'MARICIELO EDITH', 'OROSCO CAHUANA', '60867965', '2'),
(351, 'YULI ERIKA', 'OVALLE CRUZ', '71288398', '2'),
(352, 'JHOEL ALEXIS', 'PALOMINO BARRIOS', '60016407', '1'),
(353, 'FRANK GEORGE', 'PALOMINO CALLALLI', '78022279', '1'),
(354, 'LEONAR SHOSHI?O', 'PALOMINO CERDA', '75683562', '1'),
(355, 'ELARD RODRIGO', 'PANIURA RATA', '75804805', '1'),
(356, 'ENERI RICARDO', 'PUMA SALAZAR', '71955236', '1'),
(357, 'MOISES', 'QUISPE HUARACA', '74750744', '1'),
(358, 'JOSE GERARDO', 'SALAS OCHOA', '76167350', '1'),
(359, 'OMAR ALFREDO', 'SALDIVAR DIAZ', '70478332', '1'),
(360, 'FRANKLIN JOEL', 'SANCHEZ BERNAOLA', '75334500', '1'),
(361, 'JOSE ANTONIO', 'SOLLER SERRANO', '62081992', '1'),
(362, 'FRANCO YUNIOR', 'TAYPE HUAMANI', '75576009', '1'),
(363, 'GIANFRANCO', 'TAYPE PEREZ', '76657862', '1'),
(364, 'ALEXANDER', 'TINGO SALAS', '73888879', '1'),
(365, 'JHULMER', 'VALENZUELA FERRO', '71742929', '1'),
(366, 'ERICK', 'ZU?IGA ESPINOZA', '73754757', '1'),
(367, 'BRISSETH JAKELYN', 'ACOSTA DE LA FLOR', '74460907', '2'),
(368, 'YHURY CRISTIAM', 'ANAMPA QUISPE', '71803334', '1'),
(369, 'LUZ MARINA', 'APAZA GOMEZ', '74704994', '2'),
(370, 'JEANCARLOS DAVID', 'BARAUNA LUCANA', '77177597', '1'),
(371, 'GONZALO  OSMAR', 'BARRETO GERI', '73631808', '1'),
(372, 'BRYAN JAFETH', 'BAUTISTA AVENDA?O', '73963379', '1'),
(373, 'VIDALINA', 'BORDA LEGUIA', '73509644', '2'),
(374, 'MICHAEL', 'CCARAPA GUTIERREZ', '47867141', '1'),
(375, 'NOEL FRANK', 'CHAHUAYO JUAREZ', '72032820', '1'),
(376, 'RUT NORY', 'COAQUIRA LEO', '75973228', '2'),
(377, 'MIGUEL ANGEL', 'COCHACHI CHIRINOS', '76090327', '1'),
(378, 'JERRY HARRISON', 'CONDE CUCHILLO', '71578565', '1'),
(379, 'ALEXSANDER', 'CONDORPUSA LLANQUE', '61693839', '1'),
(380, 'ROSMEL NAZARIO', 'CONTRERAS MEZA', '74427541', '1'),
(381, 'YAREN', 'DAVILA ZAMALLOA', '71798258', '1'),
(382, 'JOSE EDUARDO', 'DE LA CUBA ZAMBRANO', '72026420', '1'),
(383, 'MARILYN', 'ESPINOZA QUISPE', '75336268', '2'),
(384, 'YORDAN', 'ESPINOZA TORRES', '90161910', '1'),
(385, 'MOISES LISANDRO', 'ESTRADA CAMACHO', '71798970', '1'),
(386, 'LUZ MARINA', 'FLORES CARBAJAL', '76185633', '2'),
(387, 'JHOSEF', 'FLORES SERRANO', '74419021', '1'),
(388, 'DEYNER ALEX', 'FUENTES LOPEZ', '73884836', '1'),
(389, 'JEYMI JOHAN', 'GOMEZ COAQUIRA', '76292009', '1'),
(390, 'JULIO CESAR', 'GONZALES CASTILLO', '71791318', '1'),
(391, 'LILIT AMELI', 'GUTIERREZ PANCORBO', '74660507', '2'),
(392, 'ANDERSON', 'HUAMANI ALARCON', '76801911', '1'),
(393, 'FRANK ANTONI', 'MAGALLAN ROJAS', '72630856', '1'),
(394, 'DAVID', 'MERCADO PANIURA', '76265114', '1'),
(395, 'NAZARIO', 'ORTIZ CONTRERAS', '77200889', '1'),
(396, 'JHOSEP EMILIO', 'PANIAGUA FERREL', '75714177', '1'),
(397, 'ROSA JULIANA', 'PEREZ SALAS', '71737911', '2'),
(398, 'HANS ANDRE', 'PEREZ SEQUEIROS', '74042894', '1'),
(399, 'ALVARO VLADIMIR', 'PORRAS DURAND', '71980134', '1'),
(400, 'BRAYAN', 'PUMAPILLO CAYLLAHUA', '76038776', '1'),
(401, 'YERYMAY', 'RAYME PIMENTEL', '71294118', '1'),
(402, 'JHON ANTONY', 'RIOS CCARAPA', '72677254', '1'),
(403, 'RONALDO', 'RIOS QUILLAMA', '77425237', '1'),
(404, 'PERCY VICTOR', 'ROJAS ARONI', '77474600', '1'),
(405, 'LUIS ANGEL', 'SEGUNDO ARONI', '71335647', '1'),
(406, 'ALDAIR', 'TOMASTO GUTIERREZ', '72169978', '1'),
(407, 'FRANK DENIS', 'TOMAYLLA GUTIERREZ', '75481731', '1'),
(408, 'MARIA MAGDALENA', 'VILLEGAS HUAMANI', '75938533', '2'),
(409, 'MARCO ANTONIO', 'VIZCARRA CHUQUIPAY', '70942582', '1'),
(410, 'CRISTHIAN YERCY', 'YUCA ESCALANTE', '73961630', '1'),
(411, 'YENIFER', 'AGUIRRE CCOSCCO', '74487097', '2'),
(412, 'RICHARD VALENTIN', 'ARENAZA CCACCYA', '74499817', '1'),
(413, 'DAVID RODRIGO', 'AYMARA CABRERA', '75171810', '1'),
(414, 'JEAN MARCOS', 'BELLIDO MOLINA', '76038643', '1'),
(415, 'YORDE IDEL', 'CAMARGO COSTILLA', '74805163', '1'),
(416, 'JENNIFER', 'CANALES CASTILLO', '60414477', '2'),
(417, 'LEILA ALISON', 'CARRASCO QUISPE', '73860035', '2'),
(418, 'CRISTOFER YEFERSON', 'CASCO ZAMORA', '62491905', '1'),
(419, 'DANNA NICOLS', 'CCANA PARRA', '76038744', '2'),
(420, 'CANDELARIA', 'CCANCCE HUAMAN', '75721511', '2'),
(421, 'EMERSON', 'CHACMANA ALARCON', '60536412', '1'),
(422, 'MARIA TERESA', 'CHIPA CARDENAS', '60014565', '2'),
(423, 'HILDAURA', 'CHIRINOS MORALES', '63357476', '2'),
(424, 'ALIPIO', 'CHUYMA VARGAS', '60217835', '1'),
(425, 'RENATO ELIAS', 'CLEMENTE GOMEZ', '72420867', '1'),
(426, 'PATRIK MIGUEL', 'CORALDEZ BARAUNA', '74819790', '1'),
(427, 'JAMILETH KIARA SHARON', 'CRUZ LLICAHUA', '74208983', '2'),
(428, 'LEONEL ALONSO', 'DELGADO GOMEZ', '73802994', '1'),
(429, 'JEAN SHARRY', 'ESCALANTE BENITES', '76259297', '1'),
(430, 'ALEXANDER', 'ESPINOZA AYMARA', '60114724', '1'),
(431, 'ROBERT', 'ESPINOZA CHICLLA', '76656771', '1'),
(432, 'MAYKOL DAVID', 'ESPINOZA KQUERARE', '74047910', '1'),
(433, 'SAZHA ANTONI', 'HUAMANI DAMIAN', '72796727', '1'),
(434, 'GEANMARCO', 'LIRA CCORAHUA', '74445942', '1'),
(435, 'YULIANA', 'LOCO VARGAS', '72772328', '2'),
(436, 'ALEX YUJANS', 'LOPINTA SOEL', '75595519', '1'),
(437, 'DELMER', 'LUDE?A CURI', '70919110', '1'),
(438, 'HAROL SMITH', 'MEDINA OVALLE', '74894283', '1'),
(439, 'JHOSSEP ELIUD', 'MENDOZA PRADO', '76542523', '1'),
(440, 'WILMERTH NEFY', 'MERCADO MALPARTIDA', '72153175', '1'),
(441, 'WILIAN', 'MOLINA CRUZ', '70760908', '1'),
(442, 'ALVARO LINO', 'MONTES SALAS', '73511091', '1'),
(443, 'JHOE SEBASTIAN', 'MOREANO LOPEZ', '72272249', '1'),
(444, 'JESUS ALEJANDRO', 'MORON LUNA', '72324512', '1'),
(445, 'LUCERO LUCIANA', '?AHUE CRUZ', '77210980', '2'),
(446, 'JOEL MARCO', 'OCA?A BENITES', '74042849', '1'),
(447, 'LUIS ALBERTO', 'PE?A CARBAJAL', '77102624', '1'),
(448, 'CESAR ANTONY', 'PUMA CONCHA', '72947949', '1'),
(449, 'JHORDAN', 'QUISPE FLORES', '77040567', '1'),
(450, 'DAVID', 'QUISPE MAUCAYLLE', '74555592', '1'),
(451, 'PAULO CESAR', 'SALINAS ALARCON', '72787841', '1'),
(452, 'JHOEL', 'SANTOS HUAMAN', '71084181', '1'),
(453, 'DEYLY', 'SULLCAHUAMAN JARA', '71334126', '2'),
(454, 'ELIO MAGNO', 'TUERO ATAHUI', '74447027', '1'),
(455, 'ALONZO', 'VALDIVIA AMACHI', '76547162', '2'),
(456, 'Estefani', 'Torres Guzman', '0558695', '2');

-- --------------------------------------------------------

--
-- Estructura de tabla para la tabla `facultad`
--

CREATE TABLE `facultad` (
  `id_facultad` int(11) NOT NULL,
  `nombre` varchar(250) NOT NULL
) ENGINE=InnoDB DEFAULT CHARSET=utf8mb4 COLLATE=utf8mb4_general_ci;

--
-- Volcado de datos para la tabla `facultad`
--

INSERT INTO `facultad` (`id_facultad`, `nombre`) VALUES
(1, 'Facultad de Ingeniería'),
(2, 'Facultad de Administración'),
(3, 'Educación y Ciencias Sociales'),
(4, 'Medicina Veterinaria');

--
-- Índices para tablas volcadas
--

--
-- Indices de la tabla `detalle_estudiante`
--
ALTER TABLE `detalle_estudiante`
  ADD PRIMARY KEY (`id_detalle_estudiante`),
  ADD KEY `id_estudiante` (`id_estudiante`),
  ADD KEY `id_escuela` (`id_escuela`);

--
-- Indices de la tabla `escuela`
--
ALTER TABLE `escuela`
  ADD PRIMARY KEY (`id_escuela`),
  ADD KEY `id_facultad` (`id_facultad`);

--
-- Indices de la tabla `estudiante`
--
ALTER TABLE `estudiante`
  ADD PRIMARY KEY (`id_estudiante`);

--
-- Indices de la tabla `facultad`
--
ALTER TABLE `facultad`
  ADD PRIMARY KEY (`id_facultad`);

--
-- AUTO_INCREMENT de las tablas volcadas
--

--
-- AUTO_INCREMENT de la tabla `detalle_estudiante`
--
ALTER TABLE `detalle_estudiante`
  MODIFY `id_detalle_estudiante` int(11) NOT NULL AUTO_INCREMENT, AUTO_INCREMENT=458;

--
-- AUTO_INCREMENT de la tabla `escuela`
--
ALTER TABLE `escuela`
  MODIFY `id_escuela` int(11) NOT NULL AUTO_INCREMENT, AUTO_INCREMENT=5;

--
-- AUTO_INCREMENT de la tabla `estudiante`
--
ALTER TABLE `estudiante`
  MODIFY `id_estudiante` int(11) NOT NULL AUTO_INCREMENT, AUTO_INCREMENT=457;

--
-- AUTO_INCREMENT de la tabla `facultad`
--
ALTER TABLE `facultad`
  MODIFY `id_facultad` int(11) NOT NULL AUTO_INCREMENT, AUTO_INCREMENT=5;

--
-- Restricciones para tablas volcadas
--

--
-- Filtros para la tabla `detalle_estudiante`
--
ALTER TABLE `detalle_estudiante`
  ADD CONSTRAINT `detalle_estudiante_ibfk_1` FOREIGN KEY (`id_escuela`) REFERENCES `escuela` (`id_escuela`) ON DELETE CASCADE ON UPDATE CASCADE,
  ADD CONSTRAINT `detalle_estudiante_ibfk_2` FOREIGN KEY (`id_estudiante`) REFERENCES `estudiante` (`id_estudiante`) ON DELETE CASCADE ON UPDATE CASCADE;

--
-- Filtros para la tabla `escuela`
--
ALTER TABLE `escuela`
  ADD CONSTRAINT `escuela_ibfk_1` FOREIGN KEY (`id_facultad`) REFERENCES `facultad` (`id_facultad`) ON DELETE CASCADE ON UPDATE CASCADE;
COMMIT;

/*!40101 SET CHARACTER_SET_CLIENT=@OLD_CHARACTER_SET_CLIENT */;
/*!40101 SET CHARACTER_SET_RESULTS=@OLD_CHARACTER_SET_RESULTS */;
/*!40101 SET COLLATION_CONNECTION=@OLD_COLLATION_CONNECTION */;
